title,author,score,num_comments,url,created_utc,permalink
[Hiring] Python automation project - $600 monthly,nicekid0,38,98,https://www.reddit.com/r/forhire/comments/1k1ttqt/hiring_python_automation_project_600_monthly/,2025-04-18 04:02:09,https://reddit.com/r/forhire/comments/1k1ttqt/hiring_python_automation_project_600_monthly/
[HIRING] someone to rewrite python into C++/ C# $180-$220/hr,IngrownForskin,60,106,https://www.reddit.com/r/forhire/comments/1j3q6br/hiring_someone_to_rewrite_python_into_c_c_180220hr/,2025-03-05 01:26:51,https://reddit.com/r/forhire/comments/1j3q6br/hiring_someone_to_rewrite_python_into_c_c_180220hr/
[Hiring] Create a Python script to edit PDF and convert Mile values to KM,julian_le_grand,23,55,https://www.reddit.com/r/forhire/comments/1il6ffq/hiring_create_a_python_script_to_edit_pdf_and/,2025-02-09 05:16:26,https://reddit.com/r/forhire/comments/1il6ffq/hiring_create_a_python_script_to_edit_pdf_and/
[HIRING] Python/Java programmer,DesignerCompetitive9,17,31,https://www.reddit.com/r/forhire/comments/1jjoml4/hiring_pythonjava_programmer/,2025-03-25 18:14:38,https://reddit.com/r/forhire/comments/1jjoml4/hiring_pythonjava_programmer/
[Hiring] Python programming gig,Previous_Jacket_1526,34,51,https://www.reddit.com/r/forhire/comments/1g6ka0c/hiring_python_programming_gig/,2024-10-18 17:07:10,https://reddit.com/r/forhire/comments/1g6ka0c/hiring_python_programming_gig/
[HIRING]💻 Need a Python Dev – Build AI Chatbot + Admin Dashboard for Subscription Platform – $1000–1200/month,mueller-und-partner,8,16,https://www.reddit.com/r/forhire/comments/1l2x99i/hiring_need_a_python_dev_build_ai_chatbot_admin/,2025-06-04 07:07:17,https://reddit.com/r/forhire/comments/1l2x99i/hiring_need_a_python_dev_build_ai_chatbot_admin/
[Hiring] Looking for a Python Developer,aaryanrajputhere,37,32,https://www.reddit.com/r/forhire/comments/1i5vlx1/hiring_looking_for_a_python_developer/,2025-01-20 18:28:00,https://reddit.com/r/forhire/comments/1i5vlx1/hiring_looking_for_a_python_developer/
[Hiring] $100–$500 per Python Project – Submit Your Private Repo,Gullible-Leg9316,1,11,https://www.reddit.com/r/forhire/comments/1ldm7nc/hiring_100500_per_python_project_submit_your/,2025-06-17 14:46:44,https://reddit.com/r/forhire/comments/1ldm7nc/hiring_100500_per_python_project_submit_your/
[Hiring] Python Developer to Extract and Stitch Full Articles from WSJ PDF Layouts,vernacular-ai,1,12,https://www.reddit.com/r/forhire/comments/1l1xwne/hiring_python_developer_to_extract_and_stitch/,2025-06-03 02:08:18,https://reddit.com/r/forhire/comments/1l1xwne/hiring_python_developer_to_extract_and_stitch/
[hiring] Remote Full-Stack Developer (Python/JavaScript),maxtheman,17,28,https://www.reddit.com/r/forhire/comments/1ibg22w/hiring_remote_fullstack_developer_pythonjavascript/,2025-01-27 19:23:26,https://reddit.com/r/forhire/comments/1ibg22w/hiring_remote_fullstack_developer_pythonjavascript/
[Hiring] Senior Python Developer,Ill_Spot_1253,6,7,https://www.reddit.com/r/forhire/comments/1l79gwn/hiring_senior_python_developer/,2025-06-09 18:34:58,https://reddit.com/r/forhire/comments/1l79gwn/hiring_senior_python_developer/
[HIRING] Python developer with expertise in openpyxl and pandas,Bchi1994,9,16,https://www.reddit.com/r/forhire/comments/1js8s4y/hiring_python_developer_with_expertise_in/,2025-04-05 19:31:56,https://reddit.com/r/forhire/comments/1js8s4y/hiring_python_developer_with_expertise_in/
[HIRING] Programadores: Python + PostgreSQL + Rails + Android Dev – SLP / Remoto,Other-Librarian3780,1,3,https://www.reddit.com/r/forhire/comments/1lnwbqu/hiring_programadores_python_postgresql_rails/,2025-06-30 04:27:36,https://reddit.com/r/forhire/comments/1lnwbqu/hiring_programadores_python_postgresql_rails/
"[Hiring] I will code anything for any price over 35 dollars I code all the time and don't get payed for it (I know swift, web dev, javascript, python, C++)",Charon1025,0,3,https://www.reddit.com/r/forhire/comments/1ljrh0t/hiring_i_will_code_anything_for_any_price_over_35/,2025-06-25 02:17:01,https://reddit.com/r/forhire/comments/1ljrh0t/hiring_i_will_code_anything_for_any_price_over_35/
"[For Hire] Python engineer (AI agents/databases/infra), $50/hour",dmitry_babanov,1,2,https://www.reddit.com/r/forhire/comments/1losyzs/for_hire_python_engineer_ai_agentsdatabasesinfra/,2025-07-01 06:49:40,https://reddit.com/r/forhire/comments/1losyzs/for_hire_python_engineer_ai_agentsdatabasesinfra/
[HIRING] Python Dev for Small Botasaurus Project – $15/hr (Remote),Buldoon,3,12,https://www.reddit.com/r/forhire/comments/1k255pg/hiring_python_dev_for_small_botasaurus_project/,2025-04-18 15:38:33,https://reddit.com/r/forhire/comments/1k255pg/hiring_python_dev_for_small_botasaurus_project/
[Hiring] looking for Python + Cloud Mentor for Career Transition,Draped-in-Madness,2,4,https://www.reddit.com/r/forhire/comments/1lc7ybc/hiring_looking_for_python_cloud_mentor_for_career/,2025-06-15 20:54:34,https://reddit.com/r/forhire/comments/1lc7ybc/hiring_looking_for_python_cloud_mentor_for_career/
[HIRING] Python developer with expertise in openpyxl,Bchi1994,9,17,https://www.reddit.com/r/forhire/comments/1iz2wxs/hiring_python_developer_with_expertise_in_openpyxl/,2025-02-27 01:31:24,https://reddit.com/r/forhire/comments/1iz2wxs/hiring_python_developer_with_expertise_in_openpyxl/
"[For Hire] Freelance Data Analyst Available | SQL, Python, Postgres, Appsflyer, PostHog, Power BI, Dashboarding & Insights",Designer-Mirror-8823,1,1,https://www.reddit.com/r/forhire/comments/1lnx95a/for_hire_freelance_data_analyst_available_sql/,2025-06-30 05:17:21,https://reddit.com/r/forhire/comments/1lnx95a/for_hire_freelance_data_analyst_available_sql/
[FOR HIRE] Python Web Scraper / Data Extraction Specialist,its_Creed,1,1,https://www.reddit.com/r/forhire/comments/1lnt3aw/for_hire_python_web_scraper_data_extraction/,2025-06-30 01:42:32,https://reddit.com/r/forhire/comments/1lnt3aw/for_hire_python_web_scraper_data_extraction/
"[For Hire] Expert Data Analyst & AI Specialist | 9+ Years Experience | SQL, Python, Looker Studio, Tableau",xyston04,1,4,https://www.reddit.com/r/forhire/comments/1l2vzg8/for_hire_expert_data_analyst_ai_specialist_9/,2025-06-04 05:53:52,https://reddit.com/r/forhire/comments/1l2vzg8/for_hire_expert_data_analyst_ai_specialist_9/
[HIRING] $200 – Windows Zoom Anti-Spam Bot – Python + Macro Integration + EXE Build,Hungry_Gur_6465,3,1,https://www.reddit.com/r/forhire/comments/1li2b0m/hiring_200_windows_zoom_antispam_bot_python_macro/,2025-06-23 01:52:37,https://reddit.com/r/forhire/comments/1li2b0m/hiring_200_windows_zoom_antispam_bot_python_macro/
"[For Hire] AI/ML, Computer Vision, Python Scripts – Cheap & Fast, 15$/Hr, Link to my resume : https://drive.google.com/file/d/1OkmmLvbXufy-VM9pfWcOxKWpNBlgy6j9/view?usp=drive_link",gaysaywhat2,1,1,https://www.reddit.com/r/forhire/comments/1lhx0yk/for_hire_aiml_computer_vision_python_scripts/,2025-06-22 21:56:53,https://reddit.com/r/forhire/comments/1lhx0yk/for_hire_aiml_computer_vision_python_scripts/
"[For Hire] Python Selenium Dev & Web Scraping Automation Specialist , 5.00USD/h",GoldTea7698,1,1,https://www.reddit.com/r/forhire/comments/1lg79qb/for_hire_python_selenium_dev_web_scraping/,2025-06-20 17:44:54,https://reddit.com/r/forhire/comments/1lg79qb/for_hire_python_selenium_dev_web_scraping/
[For Hire] Python/Django Expert for MVPs & Scalable Systems | 20+ Yrs | Startups + Enterprise,kashaziz,3,1,https://www.reddit.com/r/forhire/comments/1lekuki/for_hire_pythondjango_expert_for_mvps_scalable/,2025-06-18 18:00:26,https://reddit.com/r/forhire/comments/1lekuki/for_hire_pythondjango_expert_for_mvps_scalable/
[FOR HIRE] Python Script Writer for Web Scraping – Fast & Reliable Data to Excel $15/hr,zeego786,3,1,https://www.reddit.com/r/forhire/comments/1lbwye5/for_hire_python_script_writer_for_web_scraping/,2025-06-15 12:13:35,https://reddit.com/r/forhire/comments/1lbwye5/for_hire_python_script_writer_for_web_scraping/
"[FOR HIRE] Junior Web Dev – PHP, JS, Python, Java (bug fixing / scripts) – $15/hr",Master_Ad3341,1,1,https://www.reddit.com/r/forhire/comments/1lcyx06/for_hire_junior_web_dev_php_js_python_java_bug/,2025-06-16 19:25:16,https://reddit.com/r/forhire/comments/1lcyx06/for_hire_junior_web_dev_php_js_python_java_bug/
"[FOR HIRE] Data Analyst, Financial Modelling, Excel & Python Work",Co0kieMonsta,1,1,https://www.reddit.com/r/forhire/comments/1lc86p9/for_hire_data_analyst_financial_modelling_excel/,2025-06-15 21:04:02,https://reddit.com/r/forhire/comments/1lc86p9/for_hire_data_analyst_financial_modelling_excel/
"[For Hire] Programming Tutoring + Debugging Help – C++, Java, Python, Bash",Overall_Still7330,1,1,https://www.reddit.com/r/forhire/comments/1lbibu0/for_hire_programming_tutoring_debugging_help_c/,2025-06-14 22:30:41,https://reddit.com/r/forhire/comments/1lbibu0/for_hire_programming_tutoring_debugging_help_c/
"[For Hire] Web Dev / Python Tools – Fast, Reliable Work ($15/hr)",BlitzBitz,1,1,https://www.reddit.com/r/forhire/comments/1lbevig/for_hire_web_dev_python_tools_fast_reliable_work/,2025-06-14 20:00:33,https://reddit.com/r/forhire/comments/1lbevig/for_hire_web_dev_python_tools_fast_reliable_work/
[For Hire] Experienced Python Developer | AI Researcher | 5 YOE | Backend • DevOps • ML,saadmanrafat,2,1,https://www.reddit.com/r/forhire/comments/1l7gwym/for_hire_experienced_python_developer_ai/,2025-06-09 23:21:44,https://reddit.com/r/forhire/comments/1l7gwym/for_hire_experienced_python_developer_ai/
"[For Hire] Programming Tutoring + Debugging Help – C++, Java, Python, Bash ($5–20)",Overall_Still7330,1,1,https://www.reddit.com/r/forhire/comments/1l82i9o/for_hire_programming_tutoring_debugging_help_c/,2025-06-10 18:01:00,https://reddit.com/r/forhire/comments/1l82i9o/for_hire_programming_tutoring_debugging_help_c/
[HIRING] Backend dev proficient in Python and SQL with experience in VPS management and setting up own infrastructure.,AdCultural4935,18,12,https://www.reddit.com/r/forhire/comments/1iovxua/hiring_backend_dev_proficient_in_python_and_sql/,2025-02-13 23:49:46,https://reddit.com/r/forhire/comments/1iovxua/hiring_backend_dev_proficient_in_python_and_sql/
[HIRING] Hiring Python Developer for AI Script Generation with DeepSeek – Focus on Script Production!,CipherCipher1,8,14,https://www.reddit.com/r/forhire/comments/1ivpy6x/hiring_hiring_python_developer_for_ai_script/,2025-02-22 19:49:55,https://reddit.com/r/forhire/comments/1ivpy6x/hiring_hiring_python_developer_for_ai_script/
"[For Hire] Kindly Dm me for quality work in SQL, Python for data analysis, Power BI, Power Query, Power pivot,Logic gates design. Discord username: consigliere3664 , email: freelancegaston@gmail.com
Telegram: t.me/mniwako $20",dojiny,1,2,https://www.reddit.com/r/forhire/comments/1kzqkoj/for_hire_kindly_dm_me_for_quality_work_in_sql/,2025-05-31 08:39:31,https://reddit.com/r/forhire/comments/1kzqkoj/for_hire_kindly_dm_me_for_quality_work_in_sql/
[For Hire] React / Java / Python Dev,One_Bluejay_8625,6,5,https://www.reddit.com/r/forhire/comments/1k3gj2c/for_hire_react_java_python_dev/,2025-04-20 08:41:46,https://reddit.com/r/forhire/comments/1k3gj2c/for_hire_react_java_python_dev/
[Hiring] for a Python Developer for Pair Programming on OOP-Based ETL Assignment,bhisaaaalplease,9,13,https://www.reddit.com/r/forhire/comments/1isan7l/hiring_for_a_python_developer_for_pair/,2025-02-18 12:32:53,https://reddit.com/r/forhire/comments/1isan7l/hiring_for_a_python_developer_for_pair/
[For Hire] Experienced Python Developer & Data Analyst | $40 - 60/hr | AI-Powered Data Insights Tool ($70 Setup Consult),kdnanmaga,1,1,https://www.reddit.com/r/forhire/comments/1kxfnbn/for_hire_experienced_python_developer_data/,2025-05-28 14:20:32,https://reddit.com/r/forhire/comments/1kxfnbn/for_hire_experienced_python_developer_data/
[For Hire] Junior Python Programmer for hire!,StarlightAngel92,1,1,https://www.reddit.com/r/forhire/comments/1kt25es/for_hire_junior_python_programmer_for_hire/,2025-05-22 23:12:43,https://reddit.com/r/forhire/comments/1kt25es/for_hire_junior_python_programmer_for_hire/
"[For Hire] Programmer/Web Developer/IT Consultant (Python, PHP and more)",qui_,1,1,https://www.reddit.com/r/forhire/comments/1kqyvrf/for_hire_programmerweb_developerit_consultant/,2025-05-20 09:22:58,https://reddit.com/r/forhire/comments/1kqyvrf/for_hire_programmerweb_developerit_consultant/
"[For Hire] Full-Stack Dev | Python, ML, Automation, Cloud (GCP/AWS) | 8 YOE",One_Bluejay_8625,1,1,https://www.reddit.com/r/forhire/comments/1knyb5c/for_hire_fullstack_dev_python_ml_automation_cloud/,2025-05-16 13:18:57,https://reddit.com/r/forhire/comments/1knyb5c/for_hire_fullstack_dev_python_ml_automation_cloud/
[FOR HIRE] Full-Stack Developer – Python | NodeJS | NextJS | JavaScript 💻🖲️🛜⌨️💽,tendysibanda,1,2,https://www.reddit.com/r/forhire/comments/1kgapo2/for_hire_fullstack_developer_python_nodejs_nextjs/,2025-05-06 19:42:25,https://reddit.com/r/forhire/comments/1kgapo2/for_hire_fullstack_developer_python_nodejs_nextjs/
[Hiring] Python Web Scraping Software Engineer,nextrep_founder,17,20,https://www.reddit.com/r/forhire/comments/1gv22ji/hiring_python_web_scraping_software_engineer/,2024-11-19 18:03:50,https://reddit.com/r/forhire/comments/1gv22ji/hiring_python_web_scraping_software_engineer/
[For Hire] Web Scraping & Python Script Writing Services ($15–$100),TheGuy564,2,2,https://www.reddit.com/r/forhire/comments/1kep8mu/for_hire_web_scraping_python_script_writing/,2025-05-04 19:25:38,https://reddit.com/r/forhire/comments/1kep8mu/for_hire_web_scraping_python_script_writing/
[Hiring] Looking for U.S.-Based Python Dev – Telegram Bot Finalization (Flat Fee $50-70) (reposted to refine candidate search).,akkuradebonis,1,1,https://www.reddit.com/r/forhire/comments/1kjd0zg/hiring_looking_for_usbased_python_dev_telegram/,2025-05-10 17:34:10,https://reddit.com/r/forhire/comments/1kjd0zg/hiring_looking_for_usbased_python_dev_telegram/
"[For Hire] I will do any Python projects, tasks, code, scripts and programs | $15/hour",Downtown1Produce,0,1,https://www.reddit.com/r/forhire/comments/1kji61s/for_hire_i_will_do_any_python_projects_tasks_code/,2025-05-10 21:25:21,https://reddit.com/r/forhire/comments/1kji61s/for_hire_i_will_do_any_python_projects_tasks_code/
"[For Hire] Full Stack Developer with 5 Years of Expertise | React, Node, Python",hoversperc,0,1,https://www.reddit.com/r/forhire/comments/1kh5eq3/for_hire_full_stack_developer_with_5_years_of/,2025-05-07 20:56:40,https://reddit.com/r/forhire/comments/1kh5eq3/for_hire_full_stack_developer_with_5_years_of/
"[For Hire] Programmer/Web Developer/IT Consultant (Python, PHP and more)",qui_,1,1,https://www.reddit.com/r/forhire/comments/1kgfwcp/for_hire_programmerweb_developerit_consultant/,2025-05-06 23:12:23,https://reddit.com/r/forhire/comments/1kgfwcp/for_hire_programmerweb_developerit_consultant/
"[FOR HIRE] Clean Code, No Nonsense – HTML, CSS, JS, PHP, SQL, Python",impshum,1,1,https://www.reddit.com/r/forhire/comments/1kgf9kf/for_hire_clean_code_no_nonsense_html_css_js_php/,2025-05-06 22:46:16,https://reddit.com/r/forhire/comments/1kgf9kf/for_hire_clean_code_no_nonsense_html_css_js_php/
"[Hiring] $30/hr | 4 hours | 12 open spots | Science Experiment | Seeking: Visual Artists, Python and Javascript Programmers, Creative Writers, and Musicians",Late-Athlete5416,6,7,https://www.reddit.com/r/forhire/comments/1j8j6s2/hiring_30hr_4_hours_12_open_spots_science/,2025-03-11 05:58:42,https://reddit.com/r/forhire/comments/1j8j6s2/hiring_30hr_4_hours_12_open_spots_science/
"[Hiring] Python Developer for Discord Stock Alert Bot (TradingView, Subscription Tiers)",Plenty-Cream,5,9,https://www.reddit.com/r/forhire/comments/1iv92o5/hiring_python_developer_for_discord_stock_alert/,2025-02-22 04:06:52,https://reddit.com/r/forhire/comments/1iv92o5/hiring_python_developer_for_discord_stock_alert/
[Hiring] Python CTO for domain and website crawling company with brand protection and cybersecurity clients,domainsbot,2,1,https://www.reddit.com/r/forhire/comments/1kchswa/hiring_python_cto_for_domain_and_website_crawling/,2025-05-01 21:47:58,https://reddit.com/r/forhire/comments/1kchswa/hiring_python_cto_for_domain_and_website_crawling/
[Hiring] Python Script for Automated Steam Account Creation – $25/EUR,KillerSPT,2,6,https://www.reddit.com/r/forhire/comments/1jekt01/hiring_python_script_for_automated_steam_account/,2025-03-19 01:42:46,https://reddit.com/r/forhire/comments/1jekt01/hiring_python_script_for_automated_steam_account/
"[For Hire] Full Stack Developer with 5 Years of Expertise | React, Node, Python",hoversperc,0,1,https://www.reddit.com/r/forhire/comments/1kbpw0f/for_hire_full_stack_developer_with_5_years_of/,2025-04-30 22:01:49,https://reddit.com/r/forhire/comments/1kbpw0f/for_hire_full_stack_developer_with_5_years_of/
"[For Hire] Full Stack Developer with 5 Years of Expertise | React, Node, Python",hoversperc,1,2,https://www.reddit.com/r/forhire/comments/1k3uzol/for_hire_full_stack_developer_with_5_years_of/,2025-04-20 21:54:02,https://reddit.com/r/forhire/comments/1k3uzol/for_hire_full_stack_developer_with_5_years_of/
"[HIRING] Python Backend Dev for AI Project - RAG Implementation, Document Processing, APIs - $2K",ClaudeRivers,11,11,https://www.reddit.com/r/forhire/comments/1hwpukn/hiring_python_backend_dev_for_ai_project_rag/,2025-01-08 18:35:43,https://reddit.com/r/forhire/comments/1hwpukn/hiring_python_backend_dev_for_ai_project_rag/
[HIRING] Javascript/Typescript + Python developer needed for CPA Twitter Bot,CipherCipher1,3,6,https://www.reddit.com/r/forhire/comments/1j7urhn/hiring_javascripttypescript_python_developer/,2025-03-10 10:30:26,https://reddit.com/r/forhire/comments/1j7urhn/hiring_javascripttypescript_python_developer/
"[For Hire] Programmer/Web Developer/IT Consultant (Python, PHP and more) - I can audit and fix ""vibe coding""",qui_,1,1,https://www.reddit.com/r/forhire/comments/1k6wji8/for_hire_programmerweb_developerit_consultant/,2025-04-24 18:26:50,https://reddit.com/r/forhire/comments/1k6wji8/for_hire_programmerweb_developerit_consultant/
[For Hire] Web Scraping & Python Script Writing ($15–$100),TheGuy564,1,1,https://www.reddit.com/r/forhire/comments/1k3prtb/for_hire_web_scraping_python_script_writing_15100/,2025-04-20 18:00:09,https://reddit.com/r/forhire/comments/1k3prtb/for_hire_web_scraping_python_script_writing_15100/
[For Hire] Web Scraping & Python Script Writing ($15–$100),TheGuy564,5,1,https://www.reddit.com/r/forhire/comments/1jyb5wt/for_hire_web_scraping_python_script_writing_15100/,2025-04-13 18:09:32,https://reddit.com/r/forhire/comments/1jyb5wt/for_hire_web_scraping_python_script_writing_15100/
[For Hire] I Can Teach You Webscraping with Python (or Write & Review Python Scripts) ($15-$50),TheGuy564,2,1,https://www.reddit.com/r/forhire/comments/1jt00ua/for_hire_i_can_teach_you_webscraping_with_python/,2025-04-06 19:52:12,https://reddit.com/r/forhire/comments/1jt00ua/for_hire_i_can_teach_you_webscraping_with_python/
"[For Hire] QA engineer, excelling in Python, Java, TS with Playwright, Selenium and multiple other testing techniques",lordaniket,3,1,https://www.reddit.com/r/forhire/comments/1jyf2d8/for_hire_qa_engineer_excelling_in_python_java_ts/,2025-04-13 20:56:02,https://reddit.com/r/forhire/comments/1jyf2d8/for_hire_qa_engineer_excelling_in_python_java_ts/
[Hiring] someone that can help me with 2 small python codes,Shutter_speed_802,12,50,https://www.reddit.com/r/forhire/comments/18rbtp3/hiring_someone_that_can_help_me_with_2_small/,2023-12-26 17:27:30,https://reddit.com/r/forhire/comments/18rbtp3/hiring_someone_that_can_help_me_with_2_small/
"[For Hire]Full stack software developer proficient in Python, JavaScript and PHP.",nyagzken,1,1,https://www.reddit.com/r/forhire/comments/1jytugj/for_hirefull_stack_software_developer_proficient/,2025-04-14 10:23:54,https://reddit.com/r/forhire/comments/1jytugj/for_hirefull_stack_software_developer_proficient/
"[Hiring] (Remote, US-Based Startup) Full-stack Python/Django Engineer",coding_nocturnal,9,5,https://www.reddit.com/r/forhire/comments/1j0egpg/hiring_remote_usbased_startup_fullstack/,2025-02-28 19:21:14,https://reddit.com/r/forhire/comments/1j0egpg/hiring_remote_usbased_startup_fullstack/
[For Hire] I Can Teach You Webscraping with Python (or Write & Review Python Scripts) ($10-$50),TheGuy564,4,2,https://www.reddit.com/r/forhire/comments/1jnf11h/for_hire_i_can_teach_you_webscraping_with_python/,2025-03-30 17:34:29,https://reddit.com/r/forhire/comments/1jnf11h/for_hire_i_can_teach_you_webscraping_with_python/
[For Hire] Python Video Automation Tool (60$ on completion),boomergenz,2,3,https://www.reddit.com/r/forhire/comments/1j9lk0r/for_hire_python_video_automation_tool_60_on/,2025-03-12 15:39:10,https://reddit.com/r/forhire/comments/1j9lk0r/for_hire_python_video_automation_tool_60_on/
[FOR HIRE] Low cost or no cost deployment for python apps,yasserius,1,4,https://www.reddit.com/r/forhire/comments/1j2iulf/for_hire_low_cost_or_no_cost_deployment_for/,2025-03-03 14:38:44,https://reddit.com/r/forhire/comments/1j2iulf/for_hire_low_cost_or_no_cost_deployment_for/
"[For Hire]Full stack software developer proficient in Python, JavaScript and PHP.",nyagzken,2,1,https://www.reddit.com/r/forhire/comments/1jrdyi0/for_hirefull_stack_software_developer_proficient/,2025-04-04 16:59:11,https://reddit.com/r/forhire/comments/1jrdyi0/for_hirefull_stack_software_developer_proficient/
[For Hire] Need a Custom Python Script for Data Processing & Automation?,a33817,1,1,https://www.reddit.com/r/forhire/comments/1jrfdlq/for_hire_need_a_custom_python_script_for_data/,2025-04-04 17:58:13,https://reddit.com/r/forhire/comments/1jrfdlq/for_hire_need_a_custom_python_script_for_data/
[For Hire] Need a Custom Python Script for Data Processing & Automation?,a33817,1,1,https://www.reddit.com/r/forhire/comments/1jrf91g/for_hire_need_a_custom_python_script_for_data/,2025-04-04 17:52:41,https://reddit.com/r/forhire/comments/1jrf91g/for_hire_need_a_custom_python_script_for_data/
"[For Hire] Experienced Software Architect/Technical Lead | Python, FastAPI, Node, React Native, React, Java, Spring Boot, Angular, MERN | $45/hour",octo69,5,1,https://www.reddit.com/r/forhire/comments/1jlfd79/for_hire_experienced_software_architecttechnical/,2025-03-27 23:13:23,https://reddit.com/r/forhire/comments/1jlfd79/for_hire_experienced_software_architecttechnical/
[FOR HIRE] Python java or google cloud platform engineer,Accomplished_Job1904,1,1,https://www.reddit.com/r/forhire/comments/1jngswd/for_hire_python_java_or_google_cloud_platform/,2025-03-30 18:53:31,https://reddit.com/r/forhire/comments/1jngswd/for_hire_python_java_or_google_cloud_platform/
"[FOR HIRE] Node.js & Python Dev - Web Automation, Scraping, APIs, Whop Tools $30/hr",Flat_Ad8532,1,2,https://www.reddit.com/r/forhire/comments/1jg306p/for_hire_nodejs_python_dev_web_automation/,2025-03-21 00:31:25,https://reddit.com/r/forhire/comments/1jg306p/for_hire_nodejs_python_dev_web_automation/
[For Hire] I Will Be Teaching Python Beginner Stage From 0 To 100 ($15/hr),mrsplash2000,1,1,https://www.reddit.com/r/forhire/comments/1jltkts/for_hire_i_will_be_teaching_python_beginner_stage/,2025-03-28 13:10:36,https://reddit.com/r/forhire/comments/1jltkts/for_hire_i_will_be_teaching_python_beginner_stage/
[Hiring] Staff Platform/Backend Engineer (Python/Django),Littledesireco,6,7,https://www.reddit.com/r/forhire/comments/1i9sxno/hiring_staff_platformbackend_engineer_pythondjango/,2025-01-25 19:06:16,https://reddit.com/r/forhire/comments/1i9sxno/hiring_staff_platformbackend_engineer_pythondjango/
[FOR HIRE] Experienced Discord Bot Developer (Python/Node.js) - $10/hr or $30-$50 per bot,joejdhfhjdjkl,3,1,https://www.reddit.com/r/forhire/comments/1jja9qz/for_hire_experienced_discord_bot_developer/,2025-03-25 04:29:38,https://reddit.com/r/forhire/comments/1jja9qz/for_hire_experienced_discord_bot_developer/
[For Hire] C#/JavaScript/Python/Laravel programmer with 2 years experience @ $15/hr,rhex700,2,1,https://www.reddit.com/r/forhire/comments/1ji5bjr/for_hire_cjavascriptpythonlaravel_programmer_with/,2025-03-23 18:58:24,https://reddit.com/r/forhire/comments/1ji5bjr/for_hire_cjavascriptpythonlaravel_programmer_with/
"[FOR HIRE] Need a Website, Python Script, or FiveM Development? I'm Offering Affordable Services!",HansSepp,3,1,https://www.reddit.com/r/forhire/comments/1jdzka8/for_hire_need_a_website_python_script_or_fivem/,2025-03-18 08:34:08,https://reddit.com/r/forhire/comments/1jdzka8/for_hire_need_a_website_python_script_or_fivem/
"[For Hire] Programmer/Web Developer/IT Consultant (Python, PHP, AI, etc.)",qui_,2,1,https://www.reddit.com/r/forhire/comments/1jepmdj/for_hire_programmerweb_developerit_consultant/,2025-03-19 06:08:31,https://reddit.com/r/forhire/comments/1jepmdj/for_hire_programmerweb_developerit_consultant/
[hiring]Urgently Required Python Developer/ Institute For website design max but is $1000,No-Care7129,16,36,https://www.reddit.com/r/forhire/comments/1baeq57/hiringurgently_required_python_developer/,2024-03-09 11:25:30,https://reddit.com/r/forhire/comments/1baeq57/hiringurgently_required_python_developer/
[FOR HIRE] Looking for Python program developer,kobee4mvp,22,16,https://www.reddit.com/r/forhire/comments/1fo0irm/for_hire_looking_for_python_program_developer/,2024-09-24 03:05:38,https://reddit.com/r/forhire/comments/1fo0irm/for_hire_looking_for_python_program_developer/
[For Hire] Senior Python Developer,Salt-Lime9111,1,1,https://www.reddit.com/r/forhire/comments/1jbtrve/for_hire_senior_python_developer/,2025-03-15 13:13:51,https://reddit.com/r/forhire/comments/1jbtrve/for_hire_senior_python_developer/
"[For Hire] [Full Remote] Data Analyst/Research Assistant/Personal Assistant | Python, R, Data Visualization, ML",aliebadatian,1,2,https://www.reddit.com/r/forhire/comments/1j4gd82/for_hire_full_remote_data_analystresearch/,2025-03-05 23:42:19,https://reddit.com/r/forhire/comments/1j4gd82/for_hire_full_remote_data_analystresearch/
"[For Hire] Software Developer - Ruby, Python, React $15/hr",garold19,2,1,https://www.reddit.com/r/forhire/comments/1j8xxx9/for_hire_software_developer_ruby_python_react_15hr/,2025-03-11 19:34:10,https://reddit.com/r/forhire/comments/1j8xxx9/for_hire_software_developer_ruby_python_react_15hr/
"[FOR HIRE] Need a Website, Python Script, or FiveM Development? I'm Offering Affordable Services!",HansSepp,3,1,https://www.reddit.com/r/forhire/comments/1j83jjl/for_hire_need_a_website_python_script_or_fivem/,2025-03-10 18:02:36,https://reddit.com/r/forhire/comments/1j83jjl/for_hire_need_a_website_python_script_or_fivem/
"[For Hire] Python Developer - Bots, Scraping, Automation & Web Dev | First Project FREE if interesting",GoingGeek,1,1,https://www.reddit.com/r/forhire/comments/1j9ansb/for_hire_python_developer_bots_scraping/,2025-03-12 05:08:08,https://reddit.com/r/forhire/comments/1j9ansb/for_hire_python_developer_bots_scraping/
"[For Hire] Python Developer - Bots, Scraping, Automation & Web Dev | First Project FREE if interesting",GoingGeek,1,1,https://www.reddit.com/r/forhire/comments/1j7znby/for_hire_python_developer_bots_scraping/,2025-03-10 15:17:29,https://reddit.com/r/forhire/comments/1j7znby/for_hire_python_developer_bots_scraping/
"[Hiring] Online You scrape web pages in Python (3 positions open, 15$/h)",SteveDev99,0,14,https://www.reddit.com/r/forhire/comments/1gj8v85/hiring_online_you_scrape_web_pages_in_python_3/,2024-11-04 08:30:44,https://reddit.com/r/forhire/comments/1gj8v85/hiring_online_you_scrape_web_pages_in_python_3/
"[For Hire] Data Analyst | Machine Learning | AI Prompt Engineer | Power BI & Tableau | Python, SQL, Excel",LegionBreaker22,2,4,https://www.reddit.com/r/forhire/comments/1ijprtd/for_hire_data_analyst_machine_learning_ai_prompt/,2025-02-07 08:43:50,https://reddit.com/r/forhire/comments/1ijprtd/for_hire_data_analyst_machine_learning_ai_prompt/
"[For Hire] Programmer/Web Developer/IT Consultant (Python, PHP, AI, etc.)",qui_,1,1,https://www.reddit.com/r/forhire/comments/1j5vv89/for_hire_programmerweb_developerit_consultant/,2025-03-07 19:21:48,https://reddit.com/r/forhire/comments/1j5vv89/for_hire_programmerweb_developerit_consultant/
"[FOR HIRE] Custom Telegram Bots with AI-features using Python, API and Database Integration",yasserius,1,1,https://www.reddit.com/r/forhire/comments/1j5hh5t/for_hire_custom_telegram_bots_with_aifeatures/,2025-03-07 07:47:13,https://reddit.com/r/forhire/comments/1j5hh5t/for_hire_custom_telegram_bots_with_aifeatures/
"[FOR HIRE] Need a Website, Python Script, or FiveM Development? I'm Offering Affordable Services!",HansSepp,1,1,https://www.reddit.com/r/forhire/comments/1j42hal/for_hire_need_a_website_python_script_or_fivem/,2025-03-05 13:58:49,https://reddit.com/r/forhire/comments/1j42hal/for_hire_need_a_website_python_script_or_fivem/
"[For Hire] Full Stack Dev (React,Next.js,Python,Postgresql,Mongo,Redis,Supabase) - Build you MVPs fast",Leather_Ad_6035,2,1,https://www.reddit.com/r/forhire/comments/1j39dfk/for_hire_full_stack_dev/,2025-03-04 13:11:40,https://reddit.com/r/forhire/comments/1j39dfk/for_hire_full_stack_dev/
[For Hire] Data Scientist | AI/ML | Next.js & Python | Data Visualization | $30/hr,Varad13Plays,0,2,https://www.reddit.com/r/forhire/comments/1iwiien/for_hire_data_scientist_aiml_nextjs_python_data/,2025-02-23 20:39:56,https://reddit.com/r/forhire/comments/1iwiien/for_hire_data_scientist_aiml_nextjs_python_data/
[Hiring] Remote Javascript/React/Python Developer,stantem,6,21,https://www.reddit.com/r/forhire/comments/1ecsbtb/hiring_remote_javascriptreactpython_developer/,2024-07-26 18:25:34,https://reddit.com/r/forhire/comments/1ecsbtb/hiring_remote_javascriptreactpython_developer/
[FOR HIRE] Data Analytics / Marketing Ops / CRM / Python / Automation,Joe_666,2,3,https://www.reddit.com/r/forhire/comments/1iltsln/for_hire_data_analytics_marketing_ops_crm_python/,2025-02-10 01:39:26,https://reddit.com/r/forhire/comments/1iltsln/for_hire_data_analytics_marketing_ops_crm_python/
[HIRING] Remote Python Developer Opportunities – Flexible Hours & Competitive Pay,Cultural_Release_175,2,3,https://www.reddit.com/r/forhire/comments/1iiasw5/hiring_remote_python_developer_opportunities/,2025-02-05 15:11:45,https://reddit.com/r/forhire/comments/1iiasw5/hiring_remote_python_developer_opportunities/
"[FOR HIRE] Need a Website, Python Script, or FiveM Development? I'm Offering Affordable Services!",HansSepp,1,1,https://www.reddit.com/r/forhire/comments/1iy33ps/for_hire_need_a_website_python_script_or_fivem/,2025-02-25 20:12:59,https://reddit.com/r/forhire/comments/1iy33ps/for_hire_need_a_website_python_script_or_fivem/
"[For Hire] Full Stack Developer with 5 Years of Expertise | React, Node, Python",hoversperc,1,1,https://www.reddit.com/r/forhire/comments/1ixblvi/for_hire_full_stack_developer_with_5_years_of/,2025-02-24 21:10:27,https://reddit.com/r/forhire/comments/1ixblvi/for_hire_full_stack_developer_with_5_years_of/
"[For Hire] Full Stack Developer with 5 Years of Expertise | React, Node, Python",hoversperc,2,1,https://www.reddit.com/r/forhire/comments/1irsnig/for_hire_full_stack_developer_with_5_years_of/,2025-02-17 20:38:23,https://reddit.com/r/forhire/comments/1irsnig/for_hire_full_stack_developer_with_5_years_of/
[For Hire] Python/Django/React Web Developer,NodeJS4Lyfe,1,1,https://www.reddit.com/r/forhire/comments/1isgbrd/for_hire_pythondjangoreact_web_developer/,2025-02-18 17:13:45,https://reddit.com/r/forhire/comments/1isgbrd/for_hire_pythondjangoreact_web_developer/
"[For Hire] Full Stack Developer with 5 Years of Expertise | React, Node, Python",hoversperc,1,2,https://www.reddit.com/r/forhire/comments/1ig7pr1/for_hire_full_stack_developer_with_5_years_of/,2025-02-02 22:06:39,https://reddit.com/r/forhire/comments/1ig7pr1/for_hire_full_stack_developer_with_5_years_of/
"[FOR HIRE] Need a Website, Python Script, or FiveM Development? I'm Offering Affordable Services!",HansSepp,2,1,https://www.reddit.com/r/forhire/comments/1im930m/for_hire_need_a_website_python_script_or_fivem/,2025-02-10 16:45:05,https://reddit.com/r/forhire/comments/1im930m/for_hire_need_a_website_python_script_or_fivem/
"[For Hire] Senior Full-stack Developer (Node/Python/React/Vue, Ionic, startups, AI, consulting, etc.)",damonjc,2,2,https://www.reddit.com/r/forhire/comments/1ich051/for_hire_senior_fullstack_developer/,2025-01-29 01:28:17,https://reddit.com/r/forhire/comments/1ich051/for_hire_senior_fullstack_developer/
"[FOR HIRE] I can make you special web scraping and automation bots, Python projects in general. ",rocketdey,1,3,https://www.reddit.com/r/forhire/comments/1i3kwol/for_hire_i_can_make_you_special_web_scraping_and/,2025-01-17 17:56:05,https://reddit.com/r/forhire/comments/1i3kwol/for_hire_i_can_make_you_special_web_scraping_and/
[For Hire]any python/django developer vacancy available?,Regular_Candle_9537,3,1,https://www.reddit.com/r/forhire/comments/1ihi1t5/for_hireany_pythondjango_developer_vacancy/,2025-02-04 14:49:27,https://reddit.com/r/forhire/comments/1ihi1t5/for_hireany_pythondjango_developer_vacancy/
[For hire] Webscraping source code in python,Comfortable_Meal_115,2,2,https://www.reddit.com/r/forhire/comments/1i89cmh/for_hire_webscraping_source_code_in_python/,2025-01-23 18:53:23,https://reddit.com/r/forhire/comments/1i89cmh/for_hire_webscraping_source_code_in_python/
"[FOR HIRE] I can code you special web scraping and automation bots, Python projects in general.",rocketdey,1,1,https://www.reddit.com/r/forhire/comments/1ig7ai5/for_hire_i_can_code_you_special_web_scraping_and/,2025-02-02 21:49:20,https://reddit.com/r/forhire/comments/1ig7ai5/for_hire_i_can_code_you_special_web_scraping_and/
[For Hire] I will code you a simple slash command Discord bot in Python for $25,_destryxed,1,1,https://www.reddit.com/r/forhire/comments/1id7t63/for_hire_i_will_code_you_a_simple_slash_command/,2025-01-30 00:21:34,https://reddit.com/r/forhire/comments/1id7t63/for_hire_i_will_code_you_a_simple_slash_command/
[FOR HIRE] Data Analytics / Marketing Ops / CRM / Python / Automation,Joe_666,1,1,https://www.reddit.com/r/forhire/comments/1ic6ixo/for_hire_data_analytics_marketing_ops_crm_python/,2025-01-28 18:11:06,https://reddit.com/r/forhire/comments/1ic6ixo/for_hire_data_analytics_marketing_ops_crm_python/
"[FOR HIRE] I can make you special web scraping and automation bots, Python projects in general.",rocketdey,1,1,https://www.reddit.com/r/forhire/comments/1i9ywy9/for_hire_i_can_make_you_special_web_scraping_and/,2025-01-25 23:30:39,https://reddit.com/r/forhire/comments/1i9ywy9/for_hire_i_can_make_you_special_web_scraping_and/
"[For Hire] Programmer/Web Developer/IT Consultant (Python, PHP, AI, etc.)",qui_,1,1,https://www.reddit.com/r/forhire/comments/1i5twu8/for_hire_programmerweb_developerit_consultant/,2025-01-20 17:18:55,https://reddit.com/r/forhire/comments/1i5twu8/for_hire_programmerweb_developerit_consultant/
[FOR HIRE] Data Analytics / Marketing Ops / CRM / Python / Automation,Joe_666,1,1,https://www.reddit.com/r/forhire/comments/1i5r84e/for_hire_data_analytics_marketing_ops_crm_python/,2025-01-20 15:23:03,https://reddit.com/r/forhire/comments/1i5r84e/for_hire_data_analytics_marketing_ops_crm_python/
[For Hire] I will write Python unit tests for your project. (Remote) $18/hr.,monstrousexistence,0,2,https://www.reddit.com/r/forhire/comments/1hyadu5/for_hire_i_will_write_python_unit_tests_for_your/,2025-01-10 18:55:28,https://reddit.com/r/forhire/comments/1hyadu5/for_hire_i_will_write_python_unit_tests_for_your/
"[For Hire] Programmer/Web Developer/IT Consultant (Python, PHP, AI, etc.)",qui_,1,2,https://www.reddit.com/r/forhire/comments/1hvygca/for_hire_programmerweb_developerit_consultant/,2025-01-07 19:38:55,https://reddit.com/r/forhire/comments/1hvygca/for_hire_programmerweb_developerit_consultant/
[FOR HIRE] Data Analytics / Marketing Ops / CRM / Python / Automation,Joe_666,0,1,https://www.reddit.com/r/forhire/comments/1hzqb1y/for_hire_data_analytics_marketing_ops_crm_python/,2025-01-12 17:24:11,https://reddit.com/r/forhire/comments/1hzqb1y/for_hire_data_analytics_marketing_ops_crm_python/
[FOR HIRE] Python automation scripts,ILOTEbunny,1,1,https://www.reddit.com/r/forhire/comments/1hy2s27/for_hire_python_automation_scripts/,2025-01-10 12:55:00,https://reddit.com/r/forhire/comments/1hy2s27/for_hire_python_automation_scripts/
[FOR HIRE] I’ll create Python scripts to automate repetitive tasks — starting at $20,Interesting-Grab9120,1,1,https://www.reddit.com/r/forhire/comments/1hw5f9b/for_hire_ill_create_python_scripts_to_automate/,2025-01-08 00:31:44,https://reddit.com/r/forhire/comments/1hw5f9b/for_hire_ill_create_python_scripts_to_automate/
"[For Hire] Full Stack Developer with 5 Years of Expertise | React, Node, Python",hoversperc,1,1,https://www.reddit.com/r/forhire/comments/1hv8itl/for_hire_full_stack_developer_with_5_years_of/,2025-01-06 21:12:21,https://reddit.com/r/forhire/comments/1hv8itl/for_hire_full_stack_developer_with_5_years_of/
"[Hiring] (Remote) Full-Stack Developer - Next.js, React, Python, MySQL, Tailwind, JS",HonestKarma5048,13,8,https://www.reddit.com/r/forhire/comments/1ftdr46/hiring_remote_fullstack_developer_nextjs_react/,2024-10-01 04:39:51,https://reddit.com/r/forhire/comments/1ftdr46/hiring_remote_fullstack_developer_nextjs_react/
"[For Hire] Programmer/Web Developer/IT Consultant (Python, PHP, AI, etc.)",qui_,3,3,https://www.reddit.com/r/forhire/comments/1hbsdu1/for_hire_programmerweb_developerit_consultant/,2024-12-11 13:29:53,https://reddit.com/r/forhire/comments/1hbsdu1/for_hire_programmerweb_developerit_consultant/
[For Hire]  Python | Django | JS | Cloud | Startup & Enterprise MVP Specialist,kashaziz,2,1,https://www.reddit.com/r/forhire/comments/1hryzmb/for_hire_python_django_js_cloud_startup/,2025-01-02 18:24:13,https://reddit.com/r/forhire/comments/1hryzmb/for_hire_python_django_js_cloud_startup/
[Hiring] Python Developer - Code a login script for iCloud Apple authentication with SRP. $500+,Effective-Lecture411,1,6,https://www.reddit.com/r/forhire/comments/1gjtz5i/hiring_python_developer_code_a_login_script_for/,2024-11-05 01:31:24,https://reddit.com/r/forhire/comments/1gjtz5i/hiring_python_developer_code_a_login_script_for/
"[for hire] Available: Full-Stack Developer | Svelte, React, Python, .NET",isximatti,1,2,https://www.reddit.com/r/forhire/comments/1hbxy7x/for_hire_available_fullstack_developer_svelte/,2024-12-11 17:52:18,https://reddit.com/r/forhire/comments/1hbxy7x/for_hire_available_fullstack_developer_svelte/
[For Hire] Python Developer Available for Remote Work - $20-$25/hour ,d_danso,1,1,https://www.reddit.com/r/forhire/comments/1hhr2cu/for_hire_python_developer_available_for_remote/,2024-12-19 12:40:11,https://reddit.com/r/forhire/comments/1hhr2cu/for_hire_python_developer_available_for_remote/
[For Hire] I will complete any Python task.,FlamingJarrk,2,1,https://www.reddit.com/r/forhire/comments/1hg9xsl/for_hire_i_will_complete_any_python_task/,2024-12-17 13:51:42,https://reddit.com/r/forhire/comments/1hg9xsl/for_hire_i_will_complete_any_python_task/
[FOR HIRE] Affordable Web Development & Python Services,Bid_Ur,2,2,https://www.reddit.com/r/forhire/comments/1h69ctl/for_hire_affordable_web_development_python/,2024-12-04 07:03:22,https://reddit.com/r/forhire/comments/1h69ctl/for_hire_affordable_web_development_python/
[Hiring] Fluent German Coder/Programmer (Python or similar) - 35 $/hour 40hours+ on Freelance basis,Verman98,7,9,https://www.reddit.com/r/forhire/comments/1f5l470/hiring_fluent_german_coderprogrammer_python_or/,2024-08-31 13:29:41,https://reddit.com/r/forhire/comments/1f5l470/hiring_fluent_german_coderprogrammer_python_or/
"[For Hire] Fullstack Software Developer | Python, C#, React, AI Chatbots, and Scalable Cloud",OkNeedleworker6500,0,1,https://www.reddit.com/r/forhire/comments/1hdr1cj/for_hire_fullstack_software_developer_python_c/,2024-12-14 01:50:30,https://reddit.com/r/forhire/comments/1hdr1cj/for_hire_fullstack_software_developer_python_c/
"[For Hire] Affordable Python, JavaScript, and Automation Scripting – Global (Paid in Crypto)",AzizBgBoss,3,1,https://www.reddit.com/r/forhire/comments/1h9qhty/for_hire_affordable_python_javascript_and/,2024-12-08 20:22:30,https://reddit.com/r/forhire/comments/1h9qhty/for_hire_affordable_python_javascript_and/
[FOR HIRE][FULL REMOTE] Freelance Game Developer and Python Applications programmer,Embarrassed-Heron125,1,1,https://www.reddit.com/r/forhire/comments/1hago5m/for_hirefull_remote_freelance_game_developer_and/,2024-12-09 19:32:18,https://reddit.com/r/forhire/comments/1hago5m/for_hirefull_remote_freelance_game_developer_and/
[HIRING] Remote C++/Audio/Python Developer,ScopicRecruitment,0,3,https://www.reddit.com/r/forhire/comments/1gj8kyo/hiring_remote_caudiopython_developer/,2024-11-04 08:08:12,https://reddit.com/r/forhire/comments/1gj8kyo/hiring_remote_caudiopython_developer/
"[For Hire] Senior Full-stack Developer (Node/Python/React/Vue, Ionic, startups, AI, consulting, etc.)",damonjc,0,1,https://www.reddit.com/r/forhire/comments/1h8c018/for_hire_senior_fullstack_developer/,2024-12-06 22:17:24,https://reddit.com/r/forhire/comments/1h8c018/for_hire_senior_fullstack_developer/
"[For Hire] Full Stack Developer with 4 Years Experience | Python, Django, Docker, MySQL",ContentInevitable672,1,1,https://www.reddit.com/r/forhire/comments/1h4tg9y/for_hire_full_stack_developer_with_4_years/,2024-12-02 13:04:44,https://reddit.com/r/forhire/comments/1h4tg9y/for_hire_full_stack_developer_with_4_years/
[hiring] python expert in networking ,super2007,7,10,https://www.reddit.com/r/forhire/comments/1eg7ugb/hiring_python_expert_in_networking/,2024-07-31 01:15:19,https://reddit.com/r/forhire/comments/1eg7ugb/hiring_python_expert_in_networking/
"[For Hire] Programmer/Web Developer/IT Consultant (Python, PHP, AI, etc.)",qui_,1,1,https://www.reddit.com/r/forhire/comments/1h06zwo/for_hire_programmerweb_developerit_consultant/,2024-11-26 09:15:10,https://reddit.com/r/forhire/comments/1h06zwo/for_hire_programmerweb_developerit_consultant/
[HIRING] $15 Hourly Kenya/Egypt/Pakistan/India > Languages: Java/Python/htmlcss skills,DravensRift,6,20,https://www.reddit.com/r/forhire/comments/1bcmgpi/hiring_15_hourly_kenyaegyptpakistanindia/,2024-03-12 03:47:51,https://reddit.com/r/forhire/comments/1bcmgpi/hiring_15_hourly_kenyaegyptpakistanindia/
"[FOR HIRE] Junior Data Analyst looking for a new opportunity (Power BI, Tableau, Python, SQL)",Beginning_Rush_5311,3,1,https://www.reddit.com/r/forhire/comments/1gv3xlk/for_hire_junior_data_analyst_looking_for_a_new/,2024-11-19 19:18:47,https://reddit.com/r/forhire/comments/1gv3xlk/for_hire_junior_data_analyst_looking_for_a_new/
"[For Hire] Full Stack Developer with 4 Years Experience | Python, Django, Docker, MySQL",ContentInevitable672,2,1,https://www.reddit.com/r/forhire/comments/1gusuw9/for_hire_full_stack_developer_with_4_years/,2024-11-19 09:51:13,https://reddit.com/r/forhire/comments/1gusuw9/for_hire_full_stack_developer_with_4_years/
[HIRING] Expert on Python in MS Azure Cloud,stvaccount,7,3,https://www.reddit.com/r/forhire/comments/1g79s1o/hiring_expert_on_python_in_ms_azure_cloud/,2024-10-19 16:11:48,https://reddit.com/r/forhire/comments/1g79s1o/hiring_expert_on_python_in_ms_azure_cloud/
"[FOR HIRE] Multi-Skilled (Wordpress, Python, PowerBI and More)",Alina8212,1,1,https://www.reddit.com/r/forhire/comments/1guzmjt/for_hire_multiskilled_wordpress_python_powerbi/,2024-11-19 16:22:55,https://reddit.com/r/forhire/comments/1guzmjt/for_hire_multiskilled_wordpress_python_powerbi/
"[FOR HIRE] Multi-Tasker (Wordpress, Python, PowerBI and More) | Looking To Grow Client base",Alina8212,1,1,https://www.reddit.com/r/forhire/comments/1gu59ue/for_hire_multitasker_wordpress_python_powerbi_and/,2024-11-18 14:57:19,https://reddit.com/r/forhire/comments/1gu59ue/for_hire_multitasker_wordpress_python_powerbi_and/
"[Hiring] (Online) $20-28/hr Looking for experience with Python (RPi), LoRa 2-way, and GPIO",big_papa_franko,4,3,https://www.reddit.com/r/forhire/comments/1g7s2ue/hiring_online_2028hr_looking_for_experience_with/,2024-10-20 07:55:29,https://reddit.com/r/forhire/comments/1g7s2ue/hiring_online_2028hr_looking_for_experience_with/
"[For Hire] Experienced Python Programmer: Web Scraping, Data Extraction, Data Formatting, Chrome Extensions, Bookmarklets & More ($20-$100)",TheGuy564,1,1,https://www.reddit.com/r/forhire/comments/1gspcat/for_hire_experienced_python_programmer_web/,2024-11-16 16:14:31,https://reddit.com/r/forhire/comments/1gspcat/for_hire_experienced_python_programmer_web/
"[For Hire] Full Stack Developer with 4 Years Experience | Python, Django, Docker | $30/hr",ContentInevitable672,3,1,https://www.reddit.com/r/forhire/comments/1gopvhs/for_hire_full_stack_developer_with_4_years/,2024-11-11 12:15:03,https://reddit.com/r/forhire/comments/1gopvhs/for_hire_full_stack_developer_with_4_years/
[FOR HIRE] Affordable Web Development & Python Services,Bid_Ur,1,1,https://www.reddit.com/r/forhire/comments/1go5rpd/for_hire_affordable_web_development_python/,2024-11-10 18:25:08,https://reddit.com/r/forhire/comments/1go5rpd/for_hire_affordable_web_development_python/
"[For Hire] Experienced Python Programmer: Web Scraping, Data Extraction, Data Formatting, Chrome Extensions, Bookmarklets & More ($20-$100)",TheGuy564,1,1,https://www.reddit.com/r/forhire/comments/1gnkkzj/for_hire_experienced_python_programmer_web/,2024-11-09 22:34:42,https://reddit.com/r/forhire/comments/1gnkkzj/for_hire_experienced_python_programmer_web/
[FOR HIRE] GenAI + Python 10x AI Engineer (part-time/remote) 4+ Years Exp,callMeSpacetime,0,1,https://www.reddit.com/r/forhire/comments/1gna7vj/for_hire_genai_python_10x_ai_engineer/,2024-11-09 14:34:43,https://reddit.com/r/forhire/comments/1gna7vj/for_hire_genai_python_10x_ai_engineer/
"[For Hire] Full-Stack Developer Available for Projects (MERN, PHP, Python, Shopify, WordPress, AI/ML) ",ChampionshipOk8135,3,1,https://www.reddit.com/r/forhire/comments/1gk0jb8/for_hire_fullstack_developer_available_for/,2024-11-05 07:29:38,https://reddit.com/r/forhire/comments/1gk0jb8/for_hire_fullstack_developer_available_for/
[For Hire] I offer python discord bot development services at low price,Baselin_Stonks,0,1,https://www.reddit.com/r/forhire/comments/1gmyw76/for_hire_i_offer_python_discord_bot_development/,2024-11-09 02:34:31,https://reddit.com/r/forhire/comments/1gmyw76/for_hire_i_offer_python_discord_bot_development/
[Hiring] Python Web Automation Dev $20/hr (1 hour),shortdwarf,12,16,https://www.reddit.com/r/forhire/comments/1bmz5ej/hiring_python_web_automation_dev_20hr_1_hour/,2024-03-25 00:39:07,https://reddit.com/r/forhire/comments/1bmz5ej/hiring_python_web_automation_dev_20hr_1_hour/
"[For Hire] Data Analyst & Financial Modeling Expert | SQL, Python, Power BI, Excel | $15/hr",Azannn,1,1,https://www.reddit.com/r/forhire/comments/1gi50f3/for_hire_data_analyst_financial_modeling_expert/,2024-11-02 21:01:01,https://reddit.com/r/forhire/comments/1gi50f3/for_hire_data_analyst_financial_modeling_expert/
"[For Hire] Experienced Python Programmer: Web Scraping, Data Extraction, Data Formatting, Chrome Extensions, Bookmarklets & More ($20-$100)",TheGuy564,1,1,https://www.reddit.com/r/forhire/comments/1ghy4k6/for_hire_experienced_python_programmer_web/,2024-11-02 15:50:12,https://reddit.com/r/forhire/comments/1ghy4k6/for_hire_experienced_python_programmer_web/
[For Hire] Python: Web Scraping/Text Extraction/Data Entry,3b0la,1,1,https://www.reddit.com/r/forhire/comments/1gh0k9t/for_hire_python_web_scrapingtext_extractiondata/,2024-11-01 09:19:06,https://reddit.com/r/forhire/comments/1gh0k9t/for_hire_python_web_scrapingtext_extractiondata/
"[FOR HIRE] Senior Full-Stack Engineer - Experienced in .NET, JavaScript, Angular, Python and More - $30/hour ",Hot-Entry-007,6,3,https://www.reddit.com/r/forhire/comments/1fsq9hg/for_hire_senior_fullstack_engineer_experienced_in/,2024-09-30 09:54:05,https://reddit.com/r/forhire/comments/1fsq9hg/for_hire_senior_fullstack_engineer_experienced_in/
[Hiring] Python / api / ws / config integration [50$],Silent-monk-ey,3,6,https://www.reddit.com/r/forhire/comments/1ewduvv/hiring_python_api_ws_config_integration_50/,2024-08-19 23:34:12,https://reddit.com/r/forhire/comments/1ewduvv/hiring_python_api_ws_config_integration_50/
[For Hire] Software Engineer | Python | $15/Hr,warLord23,2,7,https://www.reddit.com/r/forhire/comments/1egofuq/for_hire_software_engineer_python_15hr/,2024-07-31 16:22:27,https://reddit.com/r/forhire/comments/1egofuq/for_hire_software_engineer_python_15hr/
"[FOR HIRE] High-Quality, Affordable Coding Solutions: HTML, CSS, JS, PHP, SQL, Python",impshum,1,1,https://www.reddit.com/r/forhire/comments/1g8nrre/for_hire_highquality_affordable_coding_solutions/,2024-10-21 13:50:33,https://reddit.com/r/forhire/comments/1g8nrre/for_hire_highquality_affordable_coding_solutions/
"[FOR HIRE] I can make you special web scraping and automation bots, Python projects in general.",rocketdey,1,1,https://www.reddit.com/r/forhire/comments/1g5sbpm/for_hire_i_can_make_you_special_web_scraping_and/,2024-10-17 16:34:54,https://reddit.com/r/forhire/comments/1g5sbpm/for_hire_i_can_make_you_special_web_scraping_and/
[For Hire] Willing to do Python Gigs,SockYeh,0,2,https://www.reddit.com/r/forhire/comments/1fwpugp/for_hire_willing_to_do_python_gigs/,2024-10-05 14:59:55,https://reddit.com/r/forhire/comments/1fwpugp/for_hire_willing_to_do_python_gigs/
"[For Hire] I will do data science, machine learning projects and organize your dataset using python",Nan_tech,3,1,https://www.reddit.com/r/forhire/comments/1g3jy1f/for_hire_i_will_do_data_science_machine_learning/,2024-10-14 18:27:20,https://reddit.com/r/forhire/comments/1g3jy1f/for_hire_i_will_do_data_science_machine_learning/
[For Hire] Web Scraping Services Using Python ($20-$80) ,TheGuy564,1,0,https://www.reddit.com/r/forhire/comments/1gdg9nh/for_hire_web_scraping_services_using_python_2080/,2024-10-27 18:27:59,https://reddit.com/r/forhire/comments/1gdg9nh/for_hire_web_scraping_services_using_python_2080/
"[For Hire] Full-Stack Developer Available for Projects (MERN, PHP, Python, Shopify, WordPress, AI/ML) ",ChampionshipOk8135,4,3,https://www.reddit.com/r/forhire/comments/1fexa96/for_hire_fullstack_developer_available_for/,2024-09-12 10:05:24,https://reddit.com/r/forhire/comments/1fexa96/for_hire_fullstack_developer_available_for/
"[For Hire] Programmer/Web Developer/IT Consultant (Python, PHP, AI, etc.)",qui_,2,1,https://www.reddit.com/r/forhire/comments/1fy5s0i/for_hire_programmerweb_developerit_consultant/,2024-10-07 13:55:18,https://reddit.com/r/forhire/comments/1fy5s0i/for_hire_programmerweb_developerit_consultant/
"[For Hire] Full-Stack Developer Available for Projects (MERN, PHP, Python, Shopify, WordPress, AI/ML) ",ChampionshipOk8135,1,1,https://www.reddit.com/r/forhire/comments/1fy5snh/for_hire_fullstack_developer_available_for/,2024-10-07 13:56:17,https://reddit.com/r/forhire/comments/1fy5snh/for_hire_fullstack_developer_available_for/
[Hiring] Fortify and scale web scraper (Python) $35/hour,shipchain_jacob,4,5,https://www.reddit.com/r/forhire/comments/1elyyll/hiring_fortify_and_scale_web_scraper_python_35hour/,2024-08-07 03:15:06,https://reddit.com/r/forhire/comments/1elyyll/hiring_fortify_and_scale_web_scraper_python_35hour/
[HIRING]Rhino3D Python dev,K3yboardJock3y,1,2,https://www.reddit.com/r/forhire/comments/1fgnotz/hiringrhino3d_python_dev/,2024-09-14 16:45:16,https://reddit.com/r/forhire/comments/1fgnotz/hiringrhino3d_python_dev/
"[For Hire] Programmer/Web Developer/IT Consultant (Python, PHP, AI, etc.)",qui_,1,1,https://www.reddit.com/r/forhire/comments/1fpxbvc/for_hire_programmerweb_developerit_consultant/,2024-09-26 16:19:32,https://reddit.com/r/forhire/comments/1fpxbvc/for_hire_programmerweb_developerit_consultant/
[For Hire] Web Scraping Services Using Python ($20-$80),TheGuy564,7,1,https://www.reddit.com/r/forhire/comments/1fhi1kn/for_hire_web_scraping_services_using_python_2080/,2024-09-15 19:29:06,https://reddit.com/r/forhire/comments/1fhi1kn/for_hire_web_scraping_services_using_python_2080/
"[For Hire] Full-Stack Developer Available for Projects (MERN, PHP, Python, Shopify, WordPress, AI/ML) ",ChampionshipOk8135,2,1,https://www.reddit.com/r/forhire/comments/1fkh926/for_hire_fullstack_developer_available_for/,2024-09-19 12:07:45,https://reddit.com/r/forhire/comments/1fkh926/for_hire_fullstack_developer_available_for/
[FOR HIRE] I am Looking for Django/Python/Backend Developer jobs ,SnooEagles8230,3,1,https://www.reddit.com/r/forhire/comments/1fhy35t/for_hire_i_am_looking_for_djangopythonbackend/,2024-09-16 08:35:46,https://reddit.com/r/forhire/comments/1fhy35t/for_hire_i_am_looking_for_djangopythonbackend/
[For Hire] Python | Django | JS | Cloud | Startup & Enterprise MVP Specialist,kashaziz,2,2,https://www.reddit.com/r/forhire/comments/1f1jmfy/for_hire_python_django_js_cloud_startup/,2024-08-26 11:03:38,https://reddit.com/r/forhire/comments/1f1jmfy/for_hire_python_django_js_cloud_startup/
[FOR HIRE] I will automate your daily repetitive tasks with python with 15$ only,ndreacht6rt,1,1,https://www.reddit.com/r/forhire/comments/1fbkloq/for_hire_i_will_automate_your_daily_repetitive/,2024-09-08 01:48:05,https://reddit.com/r/forhire/comments/1fbkloq/for_hire_i_will_automate_your_daily_repetitive/
[For Hire] Web Scraping Services Using Python ($20-$80) ,TheGuy564,1,1,https://www.reddit.com/r/forhire/comments/1fbbxfn/for_hire_web_scraping_services_using_python_2080/,2024-09-07 19:11:23,https://reddit.com/r/forhire/comments/1fbbxfn/for_hire_web_scraping_services_using_python_2080/
"[For Hire] Full-Stack Developer Available for Projects (MERN, PHP, Python, Shopify, WordPress, AI/ML) ",ChampionshipOk8135,2,1,https://www.reddit.com/r/forhire/comments/1f7yl4l/for_hire_fullstack_developer_available_for/,2024-09-03 14:25:23,https://reddit.com/r/forhire/comments/1f7yl4l/for_hire_fullstack_developer_available_for/
"[FOR HIRE] High-Quality, Affordable Coding Solutions: HTML, CSS, JS, PHP, SQL, Python",impshum,1,1,https://www.reddit.com/r/forhire/comments/1f7a4k9/for_hire_highquality_affordable_coding_solutions/,2024-09-02 17:51:40,https://reddit.com/r/forhire/comments/1f7a4k9/for_hire_highquality_affordable_coding_solutions/
[For Hire] AI/ML Developer and Data Analyst | GenAI | NLP | Python 3.* | MySQL |,ribozomes,3,5,https://www.reddit.com/r/forhire/comments/1dttymc/for_hire_aiml_developer_and_data_analyst_genai/,2024-07-02 21:09:06,https://reddit.com/r/forhire/comments/1dttymc/for_hire_aiml_developer_and_data_analyst_genai/
[For Hire] Python Developer | Godot Game Developer | Custom Scripts & Games,Whynot_33,5,4,https://www.reddit.com/r/forhire/comments/1e2dzbu/for_hire_python_developer_godot_game_developer/,2024-07-13 18:08:02,https://reddit.com/r/forhire/comments/1e2dzbu/for_hire_python_developer_godot_game_developer/
[HIRING] Help writing Python code?,revans238019,15,23,https://www.reddit.com/r/forhire/comments/158hzli/hiring_help_writing_python_code/,2023-07-24 20:00:25,https://reddit.com/r/forhire/comments/158hzli/hiring_help_writing_python_code/
"[For Hire] Full-Stack Developer Available for Projects (MERN, PHP, Python, Shopify, WordPress, AI/ML) ",ChampionshipOk8135,5,1,https://www.reddit.com/r/forhire/comments/1f1ida4/for_hire_fullstack_developer_available_for/,2024-08-26 09:32:34,https://reddit.com/r/forhire/comments/1f1ida4/for_hire_fullstack_developer_available_for/
[For Hire] Web Scraping Services Using Python ($20-$80),TheGuy564,1,1,https://www.reddit.com/r/forhire/comments/1f54nwh/for_hire_web_scraping_services_using_python_2080/,2024-08-30 22:03:07,https://reddit.com/r/forhire/comments/1f54nwh/for_hire_web_scraping_services_using_python_2080/
"[For Hire] Senior Full-stack Developer (Node/Python/React/Vue, startups, AI, consulting, etc.) Here",damonjc,3,1,https://www.reddit.com/r/forhire/comments/1f2r8b6/for_hire_senior_fullstack_developer/,2024-08-27 22:24:16,https://reddit.com/r/forhire/comments/1f2r8b6/for_hire_senior_fullstack_developer/
"[For Hire] Fullstack Software Engineer | Python, JavaScript, Rust, React | $20-$30/hr | Remote",paul-tergeist,1,1,https://www.reddit.com/r/forhire/comments/1f071w7/for_hire_fullstack_software_engineer_python/,2024-08-24 16:49:45,https://reddit.com/r/forhire/comments/1f071w7/for_hire_fullstack_software_engineer_python/
[for hire] python codifying for automation in WhatsApp,Ok_Bill_9948,1,1,https://www.reddit.com/r/forhire/comments/1ex2gwa/for_hire_python_codifying_for_automation_in/,2024-08-20 20:03:00,https://reddit.com/r/forhire/comments/1ex2gwa/for_hire_python_codifying_for_automation_in/
[FOR HIRE] Python/Django Developer | 4 Years of Experience | Looking to Build Portfolio Projects,Centurion_XIII,0,1,https://www.reddit.com/r/forhire/comments/1exqlvf/for_hire_pythondjango_developer_4_years_of/,2024-08-21 16:10:26,https://reddit.com/r/forhire/comments/1exqlvf/for_hire_pythondjango_developer_4_years_of/
[FOR HIRE] C/C++/Java/Python Programmer,Goldside543,1,1,https://www.reddit.com/r/forhire/comments/1ewirdk/for_hire_ccjavapython_programmer/,2024-08-20 03:09:47,https://reddit.com/r/forhire/comments/1ewirdk/for_hire_ccjavapython_programmer/
"[FOR HIRE] High-Quality, Affordable Coding Solutions: HTML, CSS, JS, PHP, SQL, Python",impshum,1,1,https://www.reddit.com/r/forhire/comments/1etv6dp/for_hire_highquality_affordable_coding_solutions/,2024-08-16 19:45:07,https://reddit.com/r/forhire/comments/1etv6dp/for_hire_highquality_affordable_coding_solutions/
" [FOR HIRE] Python Automation, Data Analysis, and Tutoring",Azuriteh,8,5,https://www.reddit.com/r/forhire/comments/1d1yu5r/for_hire_python_automation_data_analysis_and/,2024-05-27 20:49:47,https://reddit.com/r/forhire/comments/1d1yu5r/for_hire_python_automation_data_analysis_and/
" [For Hire] Experienced Data Consultant | Azure Data Stack, Power BI, SQL, Python, ETL, Pyspark",Aggravating_Extent29,1,1,https://www.reddit.com/r/forhire/comments/1en8ipe/for_hire_experienced_data_consultant_azure_data/,2024-08-08 17:11:58,https://reddit.com/r/forhire/comments/1en8ipe/for_hire_experienced_data_consultant_azure_data/
[Hiring] someone to write a (somewhat simple) python script,BigDiggy,6,29,https://www.reddit.com/r/forhire/comments/121ld2a/hiring_someone_to_write_a_somewhat_simple_python/,2023-03-25 14:08:27,https://reddit.com/r/forhire/comments/121ld2a/hiring_someone_to_write_a_somewhat_simple_python/
[For Hire] Python Developer,Luc-,3,3,https://www.reddit.com/r/forhire/comments/1dsbm55/for_hire_python_developer/,2024-06-30 23:07:35,https://reddit.com/r/forhire/comments/1dsbm55/for_hire_python_developer/
"[For Hire] Ms Access VBA (Also Python,SQL,.NET)",tsgiannis,2,1,https://www.reddit.com/r/forhire/comments/1egl85y/for_hire_ms_access_vba_also_pythonsqlnet/,2024-07-31 13:53:16,https://reddit.com/r/forhire/comments/1egl85y/for_hire_ms_access_vba_also_pythonsqlnet/
[Hiring] Need Python programmer for help with simple project - 30 USD,CuriousDisk4503,17,11,https://www.reddit.com/r/forhire/comments/19bq5kj/hiring_need_python_programmer_for_help_with/,2024-01-21 01:16:23,https://reddit.com/r/forhire/comments/19bq5kj/hiring_need_python_programmer_for_help_with/
"[For Hire] I'll perform web scraping tasks, refactor scripts, and handle data
processing for you using Python ($15-$50)",TheGuy564,1,1,https://www.reddit.com/r/forhire/comments/1ef70am/for_hire_ill_perform_web_scraping_tasks_refactor/,2024-07-29 20:32:10,https://reddit.com/r/forhire/comments/1ef70am/for_hire_ill_perform_web_scraping_tasks_refactor/
"[For Hire] Computer Programming Tutor or Teacher (C, C++, Python, and others, details inside)",Granete,2,1,https://www.reddit.com/r/forhire/comments/1e4gf7t/for_hire_computer_programming_tutor_or_teacher_c/,2024-07-16 07:10:34,https://reddit.com/r/forhire/comments/1e4gf7t/for_hire_computer_programming_tutor_or_teacher_c/
[Hiring] Part-Time Senior Software Engineer (Flask Python),nwoyepedro1,4,1,https://www.reddit.com/r/forhire/comments/1dzzuao/hiring_parttime_senior_software_engineer_flask/,2024-07-10 18:18:08,https://reddit.com/r/forhire/comments/1dzzuao/hiring_parttime_senior_software_engineer_flask/
[For Hire] Software Engineer | Python | $15/Hr,warLord23,0,1,https://www.reddit.com/r/forhire/comments/1e3u9wt/for_hire_software_engineer_python_15hr/,2024-07-15 15:03:34,https://reddit.com/r/forhire/comments/1e3u9wt/for_hire_software_engineer_python_15hr/
[Hiring] 🐍 Python Data Scientist/Analyst - 📍 Fully Remote,Pervect66,4,3,https://www.reddit.com/r/forhire/comments/1d5q4wv/hiring_python_data_scientistanalyst_fully_remote/,2024-06-01 17:57:23,https://reddit.com/r/forhire/comments/1d5q4wv/hiring_python_data_scientistanalyst_fully_remote/
[Hiring] 🐍 Senior Python Developer - 📍 Fully Remote,Pervect66,0,3,https://www.reddit.com/r/forhire/comments/1d8n23o/hiring_senior_python_developer_fully_remote/,2024-06-05 12:55:56,https://reddit.com/r/forhire/comments/1d8n23o/hiring_senior_python_developer_fully_remote/
[Hiring] 🐍 Senior Python Developer - AI Solutions (1507551430) - 📍 Fully Remote,Pervect66,1,3,https://www.reddit.com/r/forhire/comments/1d41bhh/hiring_senior_python_developer_ai_solutions/,2024-05-30 13:00:37,https://reddit.com/r/forhire/comments/1d41bhh/hiring_senior_python_developer_ai_solutions/
"[For Hire] Programmer/Web Developer/IT Consultant (Python, PHP, AI, etc.)",qui_,2,3,https://www.reddit.com/r/forhire/comments/1d2n4lx/for_hire_programmerweb_developerit_consultant/,2024-05-28 18:06:40,https://reddit.com/r/forhire/comments/1d2n4lx/for_hire_programmerweb_developerit_consultant/
[For Hire] I will complete any Python task.,FlamingJarrk,0,1,https://www.reddit.com/r/forhire/comments/1ds05fi/for_hire_i_will_complete_any_python_task/,2024-06-30 14:16:09,https://reddit.com/r/forhire/comments/1ds05fi/for_hire_i_will_complete_any_python_task/
"[For Hire] Experienced Full-Stack Software Engineer | React, Node.js, Python | Startup Expert",vishnu33341,2,1,https://www.reddit.com/r/forhire/comments/1dnbh8g/for_hire_experienced_fullstack_software_engineer/,2024-06-24 13:44:41,https://reddit.com/r/forhire/comments/1dnbh8g/for_hire_experienced_fullstack_software_engineer/
" [FOR HIRE] Python Automation, Data Analysis, and Tutoring",Azuriteh,10,1,https://www.reddit.com/r/forhire/comments/1dbmzib/for_hire_python_automation_data_analysis_and/,2024-06-09 08:10:44,https://reddit.com/r/forhire/comments/1dbmzib/for_hire_python_automation_data_analysis_and/
"[For Hire] Programmer/Web Developer/IT Consultant (Python, PHP, AI, etc.)",qui_,1,3,https://www.reddit.com/r/forhire/comments/1cx9mj0/for_hire_programmerweb_developerit_consultant/,2024-05-21 16:45:48,https://reddit.com/r/forhire/comments/1cx9mj0/for_hire_programmerweb_developerit_consultant/
[For Hire] I will complete any Python task.,FlamingJarrk,2,2,https://www.reddit.com/r/forhire/comments/1d5glcw/for_hire_i_will_complete_any_python_task/,2024-06-01 08:20:27,https://reddit.com/r/forhire/comments/1d5glcw/for_hire_i_will_complete_any_python_task/
"[For Hire] PYTHON AUTOMATOR, Web scrapper",Z00mA3,0,1,https://www.reddit.com/r/forhire/comments/1djg0n4/for_hire_python_automator_web_scrapper/,2024-06-19 12:38:33,https://reddit.com/r/forhire/comments/1djg0n4/for_hire_python_automator_web_scrapper/
[For Hire] Php/Python Developer,neverin882,1,4,https://www.reddit.com/r/forhire/comments/1cegz61/for_hire_phppython_developer/,2024-04-27 17:21:01,https://reddit.com/r/forhire/comments/1cegz61/for_hire_phppython_developer/
"[HIRING] [Kenya/Pakistan/Egypt/Vietnam] $15 hourly, PYTHON + SQL + Other Languages!",DravensRift,0,9,https://www.reddit.com/r/forhire/comments/196izw6/hiring_kenyapakistanegyptvietnam_15_hourly_python/,2024-01-14 16:57:45,https://reddit.com/r/forhire/comments/196izw6/hiring_kenyapakistanegyptvietnam_15_hourly_python/
[For Hire] I will complete any Python task.,FlamingJarrk,2,2,https://www.reddit.com/r/forhire/comments/1d0wip4/for_hire_i_will_complete_any_python_task/,2024-05-26 09:59:26,https://reddit.com/r/forhire/comments/1d0wip4/for_hire_i_will_complete_any_python_task/
"[HIRING] Python Developer for AI Chatbot + Image Generation Platform - $20/hr, Estimated 150 hours",AIGoat_05,2,7,https://www.reddit.com/r/forhire/comments/1at76oz/hiring_python_developer_for_ai_chatbot_image/,2024-02-17 18:26:12,https://reddit.com/r/forhire/comments/1at76oz/hiring_python_developer_for_ai_chatbot_image/
[For Hire] Versatile Software Engineer / Problem solver (Python | Elixir),wasi0013,3,1,https://www.reddit.com/r/forhire/comments/1d5bvjd/for_hire_versatile_software_engineer_problem/,2024-06-01 03:40:41,https://reddit.com/r/forhire/comments/1d5bvjd/for_hire_versatile_software_engineer_problem/
[For Hire] Affordable Web Development & Python Services,Bid_Ur,1,1,https://www.reddit.com/r/forhire/comments/1d2fhsp/for_hire_affordable_web_development_python/,2024-05-28 11:38:37,https://reddit.com/r/forhire/comments/1d2fhsp/for_hire_affordable_web_development_python/
[HIRING] Python Developer / Data Scientist Needed for Model Prediction Issue - 50 USD,CuriousDisk4503,13,4,https://www.reddit.com/r/forhire/comments/1bdmuqt/hiring_python_developer_data_scientist_needed_for/,2024-03-13 10:03:05,https://reddit.com/r/forhire/comments/1bdmuqt/hiring_python_developer_data_scientist_needed_for/
"[For Hire] Programmer/Web Developer/IT Consultant (Python, PHP, AI, etc.)",qui_,1,2,https://www.reddit.com/r/forhire/comments/1ccf6qh/for_hire_programmerweb_developerit_consultant/,2024-04-25 03:11:53,https://reddit.com/r/forhire/comments/1ccf6qh/for_hire_programmerweb_developerit_consultant/
"[For Hire] Programmer/Web Developer/IT Consultant (Python, PHP, AI, etc.)",qui_,2,1,https://www.reddit.com/r/forhire/comments/1cola2g/for_hire_programmerweb_developerit_consultant/,2024-05-10 11:18:07,https://reddit.com/r/forhire/comments/1cola2g/for_hire_programmerweb_developerit_consultant/
[FOR HIRE] Experienced Python Freelancer Offering Personalized Tutoring - Let's Code Together!,littlesadstar,3,2,https://www.reddit.com/r/forhire/comments/1c50r68/for_hire_experienced_python_freelancer_offering/,2024-04-16 01:16:23,https://reddit.com/r/forhire/comments/1c50r68/for_hire_experienced_python_freelancer_offering/
[Hiring] JS and Python engineer,anuveya,1,11,https://www.reddit.com/r/forhire/comments/175bqtr/hiring_js_and_python_engineer/,2023-10-11 13:27:33,https://reddit.com/r/forhire/comments/175bqtr/hiring_js_and_python_engineer/
"[Hiring] (Remote) Junior Data Analyst, up to $1500/month",i_mortekai,128,159,https://www.reddit.com/r/forhire/comments/1k8rt7h/hiring_remote_junior_data_analyst_up_to_1500month/,2025-04-27 02:52:02,https://reddit.com/r/forhire/comments/1k8rt7h/hiring_remote_junior_data_analyst_up_to_1500month/
"[FOR HIRE] Full Stack Developer That Gets S**t Done ($60/hour, Python, JavaScript)",AthosBlade,2,7,https://www.reddit.com/r/forhire/comments/1939ksy/for_hire_full_stack_developer_that_gets_st_done/,2024-01-10 15:31:29,https://reddit.com/r/forhire/comments/1939ksy/for_hire_full_stack_developer_that_gets_st_done/
"[FOR HIRE] Python Automation, Data Analysis, and Tutoring",Azuriteh,1,1,https://www.reddit.com/r/forhire/comments/1civj7d/for_hire_python_automation_data_analysis_and/,2024-05-03 02:37:31,https://reddit.com/r/forhire/comments/1civj7d/for_hire_python_automation_data_analysis_and/
"[For Hire] Computer Programming Tutor or Teacher (C, C++, Python, and others, details inside)",Granete,2,1,https://www.reddit.com/r/forhire/comments/1cgcaf1/for_hire_computer_programming_tutor_or_teacher_c/,2024-04-30 00:18:34,https://reddit.com/r/forhire/comments/1cgcaf1/for_hire_computer_programming_tutor_or_teacher_c/
"[HIRING] Data extraction from lichess api using python, statistical analysis in stata is a plus",Alive-Fishing6995,3,6,https://www.reddit.com/r/forhire/comments/19fcrtf/hiring_data_extraction_from_lichess_api_using/,2024-01-25 17:07:22,https://reddit.com/r/forhire/comments/19fcrtf/hiring_data_extraction_from_lichess_api_using/
[HIRING] Python Developer (Software Development Engineer IV),jomai00000,9,5,https://www.reddit.com/r/forhire/comments/1abj3hu/hiring_python_developer_software_development/,2024-01-26 15:04:58,https://reddit.com/r/forhire/comments/1abj3hu/hiring_python_developer_software_development/
[Hiring] python programmer for mycodo automation system $25 a hour,PrudentRepeat3244,8,6,https://www.reddit.com/r/forhire/comments/191cyjz/hiring_python_programmer_for_mycodo_automation/,2024-01-08 05:54:32,https://reddit.com/r/forhire/comments/191cyjz/hiring_python_programmer_for_mycodo_automation/
[Hiring] expert typescript+ python fullstack dev 15hrs/week,noamico666,0,4,https://www.reddit.com/r/forhire/comments/1b3s4bb/hiring_expert_typescript_python_fullstack_dev/,2024-03-01 12:31:39,https://reddit.com/r/forhire/comments/1b3s4bb/hiring_expert_typescript_python_fullstack_dev/
"[For Hire] Python Automation Specialist! Selenium, BeautifulSoup, Flask, Web Scraping, Task Automation, Data Manipulation",Ashii_X,3,1,https://www.reddit.com/r/forhire/comments/1c5z3ks/for_hire_python_automation_specialist_selenium/,2024-04-17 04:53:24,https://reddit.com/r/forhire/comments/1c5z3ks/for_hire_python_automation_specialist_selenium/
[FOR HIRE] Python tutoring - Beginners welcome!,Azuriteh,0,1,https://www.reddit.com/r/forhire/comments/1cay0mt/for_hire_python_tutoring_beginners_welcome/,2024-04-23 08:52:03,https://reddit.com/r/forhire/comments/1cay0mt/for_hire_python_tutoring_beginners_welcome/
[hiring] Senior Software Python engineers,SignificantBullfrog5,3,6,https://www.reddit.com/r/forhire/comments/19381hc/hiring_senior_software_python_engineers/,2024-01-10 14:16:10,https://reddit.com/r/forhire/comments/19381hc/hiring_senior_software_python_engineers/
"[FOR HIRE] Python Automation, Web Scraping and Data Analysis",Azuriteh,13,1,https://www.reddit.com/r/forhire/comments/1bm6af7/for_hire_python_automation_web_scraping_and_data/,2024-03-24 00:29:53,https://reddit.com/r/forhire/comments/1bm6af7/for_hire_python_automation_web_scraping_and_data/
"[For Hire] Programmer/Web Developer/IT Consultant (Python, PHP, AI, etc.)",qui_,1,1,https://www.reddit.com/r/forhire/comments/1c4qchs/for_hire_programmerweb_developerit_consultant/,2024-04-15 18:21:00,https://reddit.com/r/forhire/comments/1c4qchs/for_hire_programmerweb_developerit_consultant/
"[FOR HIRE] — Skilled in Python, SQL, and Web Development!",phewho,1,5,https://www.reddit.com/r/forhire/comments/1acfr4o/for_hire_skilled_in_python_sql_and_web_development/,2024-01-27 18:17:35,https://reddit.com/r/forhire/comments/1acfr4o/for_hire_skilled_in_python_sql_and_web_development/
[HIRING] Need Python developer to make selenium hardened similar to multilogin - $300,noobest12,4,19,https://www.reddit.com/r/forhire/comments/11txg1a/hiring_need_python_developer_to_make_selenium/,2023-03-17 18:20:14,https://reddit.com/r/forhire/comments/11txg1a/hiring_need_python_developer_to_make_selenium/
[HIRING] Python Developer Jobs at Vericloud Services Inc,This_is_Spark,0,12,https://www.reddit.com/r/forhire/comments/166bwle/hiring_python_developer_jobs_at_vericloud/,2023-08-31 15:57:47,https://reddit.com/r/forhire/comments/166bwle/hiring_python_developer_jobs_at_vericloud/
[Hiring] Remote Python Bot Developer,LogicPractitioner,3,12,https://www.reddit.com/r/forhire/comments/15y8vm0/hiring_remote_python_bot_developer/,2023-08-22 17:19:25,https://reddit.com/r/forhire/comments/15y8vm0/hiring_remote_python_bot_developer/
[Hiring] Looking for Python Developer Intermediate Level,Confident_Poet_14,8,12,https://www.reddit.com/r/forhire/comments/1521k03/hiring_looking_for_python_developer_intermediate/,2023-07-17 15:10:02,https://reddit.com/r/forhire/comments/1521k03/hiring_looking_for_python_developer_intermediate/
[for hire] Build your website/web/app with me. PHP/Python/JS Developer Available. Front-end/Back-end Development fullremote (14+ years freelance exp),rmxttmgg,1,2,https://www.reddit.com/r/forhire/comments/1bc1uef/for_hire_build_your_websitewebapp_with_me/,2024-03-11 13:20:00,https://reddit.com/r/forhire/comments/1bc1uef/for_hire_build_your_websitewebapp_with_me/
"[For Hire] Programmer/Web Developer/IT Consultant (Python, PHP, AI, etc.)",qui_,1,3,https://www.reddit.com/r/forhire/comments/1avqfpz/for_hire_programmerweb_developerit_consultant/,2024-02-20 20:30:40,https://reddit.com/r/forhire/comments/1avqfpz/for_hire_programmerweb_developerit_consultant/
[for hire] Build your website/web/app with me. PHP/Python/JS Developer Available. Front-end/Back-end Development fullremote (14+ years freelance exp),rmxttmgg,0,1,https://www.reddit.com/r/forhire/comments/1bnczv4/for_hire_build_your_websitewebapp_with_me/,2024-03-25 13:57:51,https://reddit.com/r/forhire/comments/1bnczv4/for_hire_build_your_websitewebapp_with_me/
"[FOR HIRE] — Skilled in Python, SQL, and Web Development!",phewho,2,1,https://www.reddit.com/r/forhire/comments/1bjiosy/for_hire_skilled_in_python_sql_and_web_development/,2024-03-20 18:11:49,https://reddit.com/r/forhire/comments/1bjiosy/for_hire_skilled_in_python_sql_and_web_development/
